{
  "meta": {
    "total_rows": 79728,
    "generated_at": "2025-12-05T00:55:22.253355"
  },
  "variables": {
    "gender": {
      "1": 0.5850140477623922,
      "0": 0.41498595223760787
    },
    "age": {
      "2": 0.5526540236805138,
      "3": 0.25025085289985954,
      "1": 0.09990216736905479,
      "0": 0.09719295605057195
    },
    "location": {
      "2": 0.3158488862131246,
      "4": 0.22863987557696167,
      "0": 0.22623168773831026,
      "1": 0.17739062813566125,
      "3": 0.0518889223359422
    },
    "hypertension": {
      "0": 0.9257224563515954,
      "1": 0.07427754364840458
    },
    "heart_disease": {
      "0": 0.9604906682721253,
      "1": 0.039509331727874776
    },
    "smoking_history": {
      "5": 0.3594094922737307,
      "0": 0.3494757174392936,
      "2": 0.09334236403772828,
      "1": 0.09317930965281959,
      "4": 0.06435631145896047,
      "3": 0.04023680513746739
    },
    "bmi": {
      "2": 0.45692855709412,
      "3": 0.23502408187838653,
      "1": 0.2230583985550873,
      "0": 0.08498896247240618
    },
    "hbA1c_level": {
      "1": 0.4123519967890829,
      "0": 0.37897601846277346,
      "2": 0.2086719847481437
    },
    "blood_glucose_level": {
      "1": 0.814632249648806,
      "3": 0.10843116596427854,
      "2": 0.07693658438691552
    },
    "diabetes": {
      "0": 0.9156256271322496,
      "1": 0.08437437286775035
    },
    "race": {
      "3": 0.20151013445715432,
      "2": 0.20082028898254065,
      "0": 0.1996789082881798,
      "4": 0.19932771422837647,
      "1": 0.19866295404374876
    }
  }
}