{
  "meta": {
    "total_rows": 36540,
    "generated_at": "2026-01-06T13:44:55.467086"
  },
  "variables": {
    "country": {
      "5": 0.05,
      "4": 0.05,
      "10": 0.05,
      "14": 0.05,
      "0": 0.05,
      "9": 0.05,
      "3": 0.05,
      "6": 0.05,
      "1": 0.05,
      "2": 0.05,
      "19": 0.05,
      "18": 0.05,
      "17": 0.05,
      "13": 0.05,
      "12": 0.05,
      "16": 0.05,
      "15": 0.05,
      "8": 0.05,
      "11": 0.05,
      "7": 0.05
    },
    "avg_temperature": {
      "0": 0.20043787629994528,
      "3": 0.2001094690749863,
      "2": 0.1998905309250137,
      "4": 0.19980842911877394,
      "1": 0.19975369458128078
    },
    "humidity": {
      "3": 0.20016420361247947,
      "0": 0.2001368363437329,
      "1": 0.2000273672687466,
      "2": 0.1998631636562671,
      "4": 0.19980842911877394
    },
    "co2_emission": {
      "0": 0.2000273672687466,
      "3": 0.2,
      "2": 0.2,
      "4": 0.2,
      "1": 0.19997263273125343
    },
    "energy_consumption": {
      "2": 0.2000273672687466,
      "4": 0.2,
      "1": 0.2,
      "0": 0.2,
      "3": 0.19997263273125343
    },
    "renewable_share": {
      "0": 0.2002463054187192,
      "2": 0.20005473453749315,
      "3": 0.2000273672687466,
      "1": 0.2,
      "4": 0.19967159277504104
    },
    "urban_population": {
      "2": 0.49898741105637656,
      "3": 0.3361247947454844,
      "4": 0.1647783251231527,
      "1": 0.00010946907498631637
    },
    "industrial_activity_index": {
      "3": 0.2001368363437329,
      "0": 0.2001094690749863,
      "1": 0.20005473453749315,
      "2": 0.19991789819376027,
      "4": 0.19978106185002736
    },
    "energy_price": {
      "0": 0.20008210180623973,
      "2": 0.2000273672687466,
      "3": 0.2,
      "1": 0.19997263273125343,
      "4": 0.19991789819376027
    }
  }
}